<hibernate-configuration>
<session-factory>
<!-- Database connection settings -->
<property name="hibernate.connection.driver_class">com.mysql.cj.jdbc.Driver</property> 
<property name="hibernate.connection.url">jdbc:mysql://localhost:3306/student_hibernate</property>
<property name="hibernate.connection.username">root</property>
<property name="hibernate.connection.password">root@098</property>
<property name="hibernate.current_session_context_class">thread</property>
<!-- JDBC connection pool settings -->
<property name="hibernate.c3p0.min_size">5</property>
<property name="hibernate.c3p0.max_size">20</property>
<property name="hibernate.c3p0.timeout">300</property>
<property name="hibernate.c3p0.max_statements">50</property>
<property name="hibernate.c3p0.idle_test_period">3000</property>
<!-- Specify dialect -->
<property name="hibernate.dialect">org.hibernate.dialect.MySQL8Dialect</property>
<!-- Echo all executed SQL to stdout -->
<property name="hibernate.show_sql">true</property>
<!-- Drop and re-create the database schema on startup -->
<property name="hibernate.hbm2ddl.auto">update</property>
<!-- Mapping files -->
<mapping class="com.myproject.model.Student"/>
<mapping class="com.myproject.model.Course"/>
</session-factory>
</hibernate-configuration>